{
  "task_name": "bace",
  "task_type": "cls",
  "metric": "AUC",
  "best_value": 0.8932971014492753,
  "best_test": 0.8932971014492753,
  "best_val": 0.853411513859275,
  "best_epoch": 15,
  "best_model": "model.pth",
  "best_params": {
    "lr_fusion": 8.623857301799587e-05,
    "lr_head": 0.0026838154778408767,
    "weight_decay": 0.0005800908010022868,
    "label_smooth": 0.06801394498042701,
    "kd_max_lambda": 0.25274213876948326,
    "max_grad_norm": 2.5944342361142985,
    "batch_size": 64,
    "moddrop_p": 0.37510545558727765,
    "mc_passes": 8,
    "margin": 0.12910203071742551,
    "scale": 38.77161675638124,
    "head_hidden": 256,
    "head_dropout": 0.38773545218338556,
    "proxy_dropout": 0.2714211864581596,
    "cls_proxy_ortho_lambda": 0.0050169717042526695,
    "fusion_hidden_dim": 96,
    "fusion_out_dim": 160,
    "fusion_dropout": 0.27951346222027346,
    "cka_gamma": 0.0004785179148369641,
    "comp_mode": "cka_rbf",
    "task_gate": "scalar",
    "moe_topk": 5,
    "moe_sparse_lambda": 0.03057557006640541,
    "y_std_enable": false,
    "arc_reg_use": true,
    "arc_reg_lambda": 0.0480229937559176,
    "arc_reg_nbins": 24,
    "arc_reg_margin": 0.1992808406595309,
    "arc_reg_scale": 31.299060731271588,
    "arc_reg_soft_sigma": 0.13649054708497935,
    "arc_reg_hist_balance": true
  },
  "n_trials": 200,
  "study_name": "bace_arcmol_opt",
  "direction": "maximize",
  "dataset": "",
  "data_dir": "data/bace",
  "target_name": "target",
  "timestamp": "2025-10-13T23:32:15",
  "calib_relpath": "calib.json"
}
