{
  "task_name": "esol",
  "task_type": "reg",
  "metric": "RMSE",
  "best_value": 0.4790667260338801,
  "best_test": 0.4790667260338801,
  "best_val": 0.4508485006747234,
  "best_epoch": 108,
  "best_model": "model.pth",
  "best_params": {
    "lr_fusion": 0.0003040829022875135,
    "lr_head": 0.00043101629726375717,
    "weight_decay": 0.0001832645547919179,
    "label_smooth": 0.11376592054194071,
    "kd_max_lambda": 0.35693076054794204,
    "max_grad_norm": 2.562522490896074,
    "batch_size": 48,
    "moddrop_p": 0.11749171985848389,
    "mc_passes": 8,
    "margin": 0.28629975018310905,
    "scale": 24.839305305671537,
    "head_hidden": 256,
    "head_dropout": 0.044136357828502656,
    "proxy_dropout": 0.39966070567746703,
    "cls_proxy_ortho_lambda": 0.005170538503524439,
    "fusion_hidden_dim": 128,
    "fusion_out_dim": 128,
    "fusion_dropout": 0.11748785109664177,
    "cka_gamma": 0.00037882541570650384,
    "comp_mode": "cka_rbf",
    "task_gate": "scalar",
    "moe_topk": 3,
    "moe_sparse_lambda": 0.008191017389290591,
    "y_std_enable": true,
    "arc_reg_use": false,
    "arc_reg_lambda": 0.14016736002356273,
    "arc_reg_nbins": 32,
    "arc_reg_margin": 0.07191710308639002,
    "arc_reg_scale": 28.07265948173729,
    "arc_reg_soft_sigma": 0.1900063286555672,
    "arc_reg_hist_balance": true
  },
  "n_trials": 200,
  "study_name": "esol_arcmol_opt",
  "direction": "minimize",
  "dataset": "",
  "data_dir": "data/esol",
  "target_name": "target",
  "timestamp": "2025-10-12T18:00:27"
}
