{
  "task_name": "clintox",
  "task_type": "cls",
  "metric": "AUC",
  "best_value": 0.9496402877697843,
  "best_test": 0.9496402877697843,
  "best_val": 0.9507042253521127,
  "best_epoch": 155,
  "best_model": "model.pth",
  "best_params": {
    "lr_fusion": 7.374645658195358e-05,
    "lr_head": 0.0006934105602572422,
    "weight_decay": 0.00014249926638752568,
    "label_smooth": 0.05097761925253949,
    "kd_max_lambda": 0.999816515538966,
    "max_grad_norm": 0.9530414896608972,
    "batch_size": 48,
    "moddrop_p": 0.2594948857140595,
    "mc_passes": 16,
    "margin": 0.21092090202268987,
    "scale": 18.681605263897133,
    "head_hidden": 192,
    "head_dropout": 0.38396683036408963,
    "proxy_dropout": 0.36672134551372293,
    "cls_proxy_ortho_lambda": 0.0021986018639350577,
    "fusion_hidden_dim": 128,
    "fusion_out_dim": 128,
    "fusion_dropout": 0.10979372886896686,
    "cka_gamma": 0.00044639091411253514,
    "comp_mode": "cka_rbf",
    "task_gate": "scalar",
    "moe_topk": null,
    "moe_sparse_lambda": 0.04137647778439058,
    "y_std_enable": false,
    "arc_reg_use": true,
    "arc_reg_lambda": 0.18575555537617017,
    "arc_reg_nbins": 40,
    "arc_reg_margin": 0.06663717981397464,
    "arc_reg_scale": 25.51816498211543,
    "arc_reg_soft_sigma": 0.42956292520879846,
    "arc_reg_hist_balance": false
  },
  "n_trials": 200,
  "study_name": "clintox_arcmol_opt",
  "direction": "maximize",
  "dataset": "",
  "data_dir": "data/clintox",
  "target_name": "target",
  "timestamp": "2025-10-17T23:24:40",
  "calib_relpath": "calib.json"
}
